{"cameraMode":{"drawMode":0,"name":"Shaded","section":"Shading Mode"},"sceneLighting":true,"audioPlay":false,"sceneViewState":{"showFog":true,"showMaterialUpdate":false,"showSkybox":true,"showFlares":true,"showImageEffects":true,"showParticleSystems":true},"in2DMode":false,"pivot":{"x":408.1435852050781,"y":75.33477783203125,"z":662.613525390625},"rotation":{"x":-0.1062157154083252,"y":-0.11280862241983414,"z":0.012127291411161423,"w":-0.9878567457199097},"size":575.8395385742188,"orthographic":false}